Date,Gross_Return,Net_Return,Cumulative_Gross,Cumulative_Net
2022-01-05,0.0,0.0,1.0,1.0
2022-01-06,0.0,0.0,1.0,1.0
2022-01-07,0.0,0.0,1.0,1.0
2022-01-10,0.0,0.0,1.0,1.0
2022-01-11,0.0,0.0,1.0,1.0
2022-01-12,0.0,0.0,1.0,1.0
2022-01-13,0.0,0.0,1.0,1.0
2022-01-14,0.0,0.0,1.0,1.0
2022-01-18,0.0,0.0,1.0,1.0
2022-01-19,0.0,0.0,1.0,1.0
2022-01-20,0.0,0.0,1.0,1.0
2022-01-21,0.0,0.0,1.0,1.0
2022-01-24,0.0,0.0,1.0,1.0
2022-01-25,0.0,0.0,1.0,1.0
2022-01-26,0.0,0.0,1.0,1.0
2022-01-27,0.0,0.0,1.0,1.0
2022-01-28,0.0,0.0,1.0,1.0
2022-01-31,0.0,0.0,1.0,1.0
2022-02-01,0.0,0.0,1.0,1.0
2022-02-02,0.0,0.0,1.0,1.0
2022-02-03,0.0,0.0,1.0,1.0
2022-02-04,0.0,0.0,1.0,1.0
2022-02-07,0.0,0.0,1.0,1.0
2022-02-08,0.0,0.0,1.0,1.0
2022-02-09,0.0,0.0,1.0,1.0
2022-02-10,0.0,0.0,1.0,1.0
2022-02-11,0.0,0.0,1.0,1.0
2022-02-14,0.0,0.0,1.0,1.0
2022-02-15,0.0,0.0,1.0,1.0
2022-02-16,0.0,0.0,1.0,1.0
2022-02-17,0.0,0.0,1.0,1.0
2022-02-18,0.0,0.0,1.0,1.0
2022-02-22,0.0,0.0,1.0,1.0
2022-02-23,0.0,0.0,1.0,1.0
2022-02-24,0.0,0.0,1.0,1.0
2022-02-25,0.0,0.0,1.0,1.0
2022-02-28,0.0,0.0,1.0,1.0
2022-03-01,0.0,0.0,1.0,1.0
2022-03-02,0.0,0.0,1.0,1.0
2022-03-03,0.0,0.0,1.0,1.0
2022-03-04,0.0,0.0,1.0,1.0
2022-03-07,0.0,0.0,1.0,1.0
2022-03-08,0.0,0.0,1.0,1.0
2022-03-09,0.0,0.0,1.0,1.0
2022-03-10,0.0,0.0,1.0,1.0
2022-03-11,0.0,0.0,1.0,1.0
2022-03-14,0.0,0.0,1.0,1.0
2022-03-15,0.0,0.0,1.0,1.0
2022-03-16,0.0,0.0,1.0,1.0
2022-03-17,0.0,0.0,1.0,1.0
2022-03-18,0.0,0.0,1.0,1.0
2022-03-21,0.0,0.0,1.0,1.0
2022-03-22,0.0,0.0,1.0,1.0
2022-03-23,0.0,0.0,1.0,1.0
2022-03-24,0.0,0.0,1.0,1.0
2022-03-25,0.0,0.0,1.0,1.0
2022-03-28,0.0,0.0,1.0,1.0
2022-03-29,0.008703200760266983,0.0067032007602669825,1.008703200760267,1.006703200760267
2022-03-30,-0.02575570703251029,-0.02575570703251029,0.9827233366387301,0.9807748480527951
2022-03-31,-0.01722739037611709,-0.01722739037611709,0.9657935780867344,0.9638786568743127
2022-04-01,-0.008792679600666042,-0.008792679600666042,0.9573016645942368,0.9554035806704966
2022-04-04,0.02676157895140696,0.02676157895140696,0.9829205686715887,0.9809716890250669
2022-04-05,-0.030235548181254953,-0.03156888151458829,0.9532014264591724,0.9500035100050691
2022-04-06,-0.0365320758773105,-0.0375320758773105,0.9183789996214053,0.9143479061838475
2022-04-07,-0.0015563095950930916,-0.0015563095950930916,0.9169497175723625,0.9129248977642003
2022-04-08,-0.023140098936487913,-0.023140098936487913,0.8957314103879535,0.8917997253083535
2022-04-11,-0.03463844326568838,-0.03463844326568838,0.8647046687479354,0.8609091711189036
2022-04-12,-0.005187810814090588,-0.005187810814090588,0.8602187445164102,0.8564429372110233
2022-04-13,0.025021252286014206,0.025021252286014206,0.8817424947441138,0.8778722120115554
2022-04-14,-0.031071858034608824,-0.031071858034608824,0.8543451171243429,0.8505950912674044
2022-04-18,0.008235240531075133,0.008235240531075133,0.8613808546604114,0.8575999464385432
2022-04-19,0.0212737478657547,0.0212737478657547,0.8797056537788454,0.8758443114687615
2022-04-20,-0.013899021346332086,-0.013899021346332086,0.8674786061184842,0.8636709326875937
2022-04-21,-0.03043017677179599,-0.03043017677179599,0.8410810787885474,0.8373892735332482
2022-04-22,-0.027917954442474052,-0.027917954442474052,0.8175998155485018,0.8140110779441305
2022-04-25,0.014364584081101008,0.013364584081101008,0.829344296843641,0.8248899974382625
2022-04-26,-0.04016089542543325,-0.04016089542543325,0.7960370872664241,0.7917616765136586
2022-04-27,-0.005123864209422624,-0.006457197542755958,0.7919583013256066,0.7866491149616263
2022-04-28,0.045844804837975706,0.045844804837975706,0.8282654750896937,0.8227128901130083
2022-04-29,-0.03660494417566851,-0.03860494417566851,0.7979468636114019,0.7909521049175927
2022-05-02,0.00196633608906871,0.00196633608906871,0.7995158953264802,0.792507382586217
2022-05-03,0.009622793248368566,0.009622793248368566,0.8072094714859912,0.8001335172766499
2022-05-04,0.0,-0.002,0.8072094714859912,0.7985332502420966
2022-05-05,0.0,0.0,0.8072094714859912,0.7985332502420966
2022-05-06,0.0,0.0,0.8072094714859912,0.7985332502420966
2022-05-09,0.0,0.0,0.8072094714859912,0.7985332502420966
2022-05-10,0.0,0.0,0.8072094714859912,0.7985332502420966
2022-05-11,0.0,0.0,0.8072094714859912,0.7985332502420966
2022-05-12,0.0,0.0,0.8072094714859912,0.7985332502420966
2022-05-13,0.0,0.0,0.8072094714859912,0.7985332502420966
2022-05-16,0.0,0.0,0.8072094714859912,0.7985332502420966
2022-05-17,0.0,0.0,0.8072094714859912,0.7985332502420966
2022-05-18,0.0,0.0,0.8072094714859912,0.7985332502420966
2022-05-19,0.0,0.0,0.8072094714859912,0.7985332502420966
2022-05-20,0.0,0.0,0.8072094714859912,0.7985332502420966
2022-05-23,0.0,0.0,0.8072094714859912,0.7985332502420966
2022-05-24,0.0,0.0,0.8072094714859912,0.7985332502420966
2022-05-25,0.0,0.0,0.8072094714859912,0.7985332502420966
2022-05-26,0.0,0.0,0.8072094714859912,0.7985332502420966
2022-05-27,0.0,0.0,0.8072094714859912,0.7985332502420966
2022-05-31,0.0,0.0,0.8072094714859912,0.7985332502420966
2022-06-01,0.0,0.0,0.8072094714859912,0.7985332502420966
2022-06-02,0.0,0.0,0.8072094714859912,0.7985332502420966
2022-06-03,0.0,0.0,0.8072094714859912,0.7985332502420966
2022-06-06,0.0,0.0,0.8072094714859912,0.7985332502420966
2022-06-07,0.0,0.0,0.8072094714859912,0.7985332502420966
2022-06-08,0.0,0.0,0.8072094714859912,0.7985332502420966
2022-06-09,0.0,0.0,0.8072094714859912,0.7985332502420966
2022-06-10,0.0,0.0,0.8072094714859912,0.7985332502420966
2022-06-13,0.0,0.0,0.8072094714859912,0.7985332502420966
2022-06-14,0.0,0.0,0.8072094714859912,0.7985332502420966
2022-06-15,0.0,0.0,0.8072094714859912,0.7985332502420966
2022-06-16,0.0,0.0,0.8072094714859912,0.7985332502420966
2022-06-17,0.0,0.0,0.8072094714859912,0.7985332502420966
2022-06-21,0.0,0.0,0.8072094714859912,0.7985332502420966
2022-06-22,0.0,0.0,0.8072094714859912,0.7985332502420966
2022-06-23,0.0,0.0,0.8072094714859912,0.7985332502420966
2022-06-24,0.0,0.0,0.8072094714859912,0.7985332502420966
2022-06-27,0.0,0.0,0.8072094714859912,0.7985332502420966
2022-06-28,0.0,0.0,0.8072094714859912,0.7985332502420966
2022-06-29,0.0,0.0,0.8072094714859912,0.7985332502420966
2022-06-30,0.0,0.0,0.8072094714859912,0.7985332502420966
2022-07-01,0.0,0.0,0.8072094714859912,0.7985332502420966
2022-07-05,0.0,0.0,0.8072094714859912,0.7985332502420966
2022-07-06,0.0,0.0,0.8072094714859912,0.7985332502420966
2022-07-07,0.0,0.0,0.8072094714859912,0.7985332502420966
2022-07-08,0.0,0.0,0.8072094714859912,0.7985332502420966
2022-07-11,0.0,0.0,0.8072094714859912,0.7985332502420966
2022-07-12,0.0,0.0,0.8072094714859912,0.7985332502420966
2022-07-13,0.0,0.0,0.8072094714859912,0.7985332502420966
2022-07-14,0.0,0.0,0.8072094714859912,0.7985332502420966
2022-07-15,0.0,0.0,0.8072094714859912,0.7985332502420966
2022-07-18,0.0,0.0,0.8072094714859912,0.7985332502420966
2022-07-19,0.0,0.0,0.8072094714859912,0.7985332502420966
2022-07-20,0.0,0.0,0.8072094714859912,0.7985332502420966
2022-07-21,0.015122102117103409,0.013122102117103409,0.8194161755436955,0.809011685095676
2022-07-22,-0.014253060821815766,-0.0155863941551491,0.8077369869552915,0.7964021100956534
2022-07-25,-0.007910145866409923,-0.007910145866409923,0.8013476695667807,0.7901024532364802
2022-07-26,-0.029284790495007314,-0.029284790495007314,0.7778803709498552,0.7669644684238586
2022-07-27,0.04394433215957971,0.04261099882624638,0.8120638043512927,0.7996455904876403
2022-07-28,0.007200379543696678,0.007200379543696678,0.8179109719563201,0.8054033422395946
2022-07-29,0.05069079653324363,0.0493574631999103,0.8593715306180656,0.8451560080652702
2022-08-01,-0.0042057499970761985,-0.0042057499970761985,0.8557572288056813,0.8416014931868208
2022-08-02,-0.009948848384134568,-0.009948848384134568,0.8472434298826664,0.8332285275312438
2022-08-03,0.03534548546611549,0.03534548546611549,0.877189660219846,0.8626793943410521
2022-08-04,0.008037240279226329,0.008037240279226329,0.8842398442894859,0.8696129559173086
2022-08-05,-0.007043621429406122,-0.00804362142940612,0.8780115935735138,0.862618118509803
2022-08-08,-0.021228391725228668,-0.021228391725228668,0.8593728195258429,0.8443061231807971
2022-08-09,-0.010925390974732968,-0.010925390974732968,0.8499838354794644,0.8350817486826858
2022-08-10,0.03623175109720583,0.03623175109720583,0.8807802382432048,0.8653382227467763
2022-08-11,-0.008691001257784492,-0.008691001257784492,0.8731253760848013,0.857817567164475
2022-08-12,0.02547562484463667,0.02547562484463667,0.89536879060827,0.879671005690696
2022-08-15,0.006591153040922948,0.006591153040922948,0.9012703033352352,0.8854690519148659
2022-08-16,-9.449220898394284e-05,-9.449220898394284e-05,0.9011851403133814,0.8853853819881635
2022-08-17,-0.01029435966615555,-0.01029435966615555,0.8919080163532006,0.8762709064228208
2022-08-18,0.0047643104577432815,0.0047643104577432815,0.8961573430428572,0.8804457330661072
2022-08-19,-0.026694349911470044,-0.026694349911470044,0.8722350053519379,0.8569428065895798
2022-08-22,-0.033572337587766704,-0.033572337587766704,0.8429520372963951,0.8281732333933461
2022-08-23,0.0012216997497393467,0.0012216997497393467,0.8439818715894024,0.8291850124253237
2022-08-24,0.0007940658806216694,0.0007940658806216694,0.8446520487974947,0.8298434399524135
2022-08-25,0.023037577468183745,0.023037577468183745,0.8641107858053271,0.8489610224867813
2022-08-26,-0.054033285918068275,-0.054033285918068275,0.8174200406510211,0.8030888688254574
2022-08-29,-0.014982328440200782,-0.014982328440200782,0.8051731851283853,0.7910567276260451
2022-08-30,-0.013266908270444633,-0.013266908270444633,0.7944910263394653,0.7805618505839123
2022-08-31,-0.013935953249359645,-0.013935953249359645,0.7834190365393627,0.7696839771259412
2022-09-01,-0.016938948046008345,-0.016938948046008345,0.7701487421811686,0.7566463402255598
2022-09-02,-0.013377691128336866,-0.013377691128336866,0.7598459301853918,0.7465241591926357
2022-09-06,-0.010876233619381448,-0.010876233619381448,0.7515816683339592,0.7384047880347443
2022-09-07,0.018470777788104242,0.018470777788104242,0.7654639663193685,0.7520436987922063
2022-09-08,-0.001775192688785713,-0.0027751926887857126,0.7641051202828295,0.7499566326176709
2022-09-09,0.022797302689207728,0.022797302689207728,0.7815246559962906,0.7670536209752348
2022-09-12,0.023549992949648546,0.023549992949648546,0.7999295561349797,0.785117728341204
2022-09-13,-0.061411068873574615,-0.061411068873574615,0.7508050270691665,0.7369028094521779
2022-09-14,0.008036551777648393,0.008036551777648393,0.7568389105441266,0.7428249670354349
2022-09-15,-0.018294365882983,-0.01962769921631633,0.742993022600154,0.7282450220120933
2022-09-16,-0.016368514868421336,-0.016368514868421336,0.7308313302625901,0.7163247325414345
2022-09-19,0.01711525824984994,0.01711525824984994,0.7433396972171157,0.7285848153296358
2022-09-20,-0.019813903001303257,-0.02181390300130326,0.7286112365594376,0.7126915368398127
2022-09-21,0.0,-0.002,0.7286112365594376,0.711266153766133
2022-09-22,0.0,0.0,0.7286112365594376,0.711266153766133
2022-09-23,0.0,0.0,0.7286112365594376,0.711266153766133
2022-09-26,0.0,0.0,0.7286112365594376,0.711266153766133
2022-09-27,0.0,0.0,0.7286112365594376,0.711266153766133
2022-09-28,0.0,0.0,0.7286112365594376,0.711266153766133
2022-09-29,0.0,0.0,0.7286112365594376,0.711266153766133
2022-09-30,0.0,0.0,0.7286112365594376,0.711266153766133
2022-10-03,0.0,0.0,0.7286112365594376,0.711266153766133
2022-10-04,0.0,0.0,0.7286112365594376,0.711266153766133
2022-10-05,0.0,0.0,0.7286112365594376,0.711266153766133
2022-10-06,0.0,0.0,0.7286112365594376,0.711266153766133
2022-10-07,0.0,0.0,0.7286112365594376,0.711266153766133
2022-10-10,0.0,0.0,0.7286112365594376,0.711266153766133
2022-10-11,0.0,0.0,0.7286112365594376,0.711266153766133
2022-10-12,0.0,0.0,0.7286112365594376,0.711266153766133
2022-10-13,0.0,0.0,0.7286112365594376,0.711266153766133
2022-10-14,0.0,0.0,0.7286112365594376,0.711266153766133
2022-10-17,0.0,0.0,0.7286112365594376,0.711266153766133
2022-10-18,0.0,0.0,0.7286112365594376,0.711266153766133
2022-10-19,0.0,0.0,0.7286112365594376,0.711266153766133
2022-10-20,0.0,0.0,0.7286112365594376,0.711266153766133
2022-10-21,0.0,0.0,0.7286112365594376,0.711266153766133
2022-10-24,0.0,0.0,0.7286112365594376,0.711266153766133
2022-10-25,0.0,0.0,0.7286112365594376,0.711266153766133
2022-10-26,0.0,0.0,0.7286112365594376,0.711266153766133
2022-10-27,0.0,0.0,0.7286112365594376,0.711266153766133
2022-10-28,0.0,0.0,0.7286112365594376,0.711266153766133
2022-10-31,0.0,0.0,0.7286112365594376,0.711266153766133
2022-11-01,0.0,0.0,0.7286112365594376,0.711266153766133
2022-11-02,0.0,0.0,0.7286112365594376,0.711266153766133
2022-11-03,0.0,0.0,0.7286112365594376,0.711266153766133
2022-11-04,0.0,0.0,0.7286112365594376,0.711266153766133
2022-11-07,0.0,0.0,0.7286112365594376,0.711266153766133
2022-11-08,0.0,0.0,0.7286112365594376,0.711266153766133
2022-11-09,0.0,0.0,0.7286112365594376,0.711266153766133
2022-11-10,0.0,0.0,0.7286112365594376,0.711266153766133
2022-11-11,0.036634861502234495,0.03463486150223449,0.7553038082997644,0.73590075849305
2022-11-14,-0.001959798283720171,-0.001959798283720171,0.7538235651925712,0.734458541449567
2022-11-15,0.02276770566631714,0.02276770566631714,0.7709863982492094,0.7511804773454034
2022-11-16,-0.045361853267022245,-0.045361853267022245,0.7360130263809588,0.7171055387550095
2022-11-17,-0.01464498280895088,-0.01464498280895088,0.7252341282624457,0.7066035404677389
2022-11-18,-0.017094966704018222,-0.017094966704018222,0.7128362749871815,0.6945241764705015
2022-11-21,-0.005970495926339692,-0.005970495926339692,0.7085802889112234,0.6903775227041399
2022-11-22,0.030866510096318134,0.028866510096318132,0.7304516895529537,0.71030631243355
2022-11-23,0.017958750225886333,0.017958750225886333,0.7435696889977119,0.7230625260824146
2022-11-25,-0.017333624675818338,-0.017333624675818338,0.7306809310883106,0.710529231638153
2022-11-28,-0.026745996946687167,-0.026745996946687167,0.71113814113642,0.691525418978227
2022-11-29,-0.016513525593646883,-0.016513525593646883,0.6993947432421453,0.6801058962732727
2022-11-30,0.08237932936411663,0.08037932936411663,0.7570104131512219,0.7347723521122997
2022-12-01,0.005381924011798267,0.003381924011798267,0.7610845856709417,0.7372572963731138
2022-12-02,-0.005730286109697428,-0.0070636194430307615,0.7567233532413667,0.7320495913999363
2022-12-05,-0.014215203647716258,-0.014215203647716258,0.745966376670058,0.7216433573779587
2022-12-06,-0.027727146017697175,-0.027727146017697175,0.7252828580198348,0.7016342466352388
2022-12-07,-0.002841772663466154,-0.002841772663466154,0.7232217690206334,0.699640361613399
2022-12-08,0.02986877581549755,0.02986877581549755,0.7448235179043983,0.7205377627259033
2022-12-09,-0.007074406075989044,-0.007074406075989044,0.7395543338837959,0.7154403859992956
2022-12-12,0.025562919147472808,0.025562919147472808,0.7584595015260305,0.7337291307414324
2022-12-13,0.01829062339581148,0.01829062339581148,0.772332198629418,0.7471494939463601
2022-12-14,-0.012130347668252012,-0.012130347668252012,0.7629635405446576,0.7380863108246322
2022-12-15,-0.03987453506093833,-0.03987453506093833,0.7325407240969921,0.7086554623456568
2022-12-16,-0.01813403744922844,-0.01813403744922844,0.7192568031731323,0.6958046776528803
2022-12-19,-0.017456060453865902,-0.017456060453865902,0.7067014129350878,0.683658669135689
2022-12-20,-0.0023914714770639223,-0.0037248048103972558,0.7050113566632528,0.6811121740362226
2022-12-21,0.018369763086737878,0.018369763086737878,0.7179622482586164,0.6936240433087609
2022-12-22,-0.047974404247999314,-0.047974404247999314,0.6835184371258551,0.6603478430589347
2022-12-23,-0.003201862449924653,-0.003201862449924653,0.6813299051081907,0.6582335000963556
2022-12-27,-0.039383893023228644,-0.039383893023228644,0.6544964810118832,0.6323097023442554
2022-12-28,-0.00813709661495543,-0.00813709661495543,0.6491707799117411,0.6271645372057065
2022-12-29,0.03401298647665185,0.03401298647665185,0.6712510168699167,0.6484962761283198
2022-12-30,-0.002092202203868909,-0.002092202203868909,0.6698466240130722,0.6471394907902034
2023-01-03,-0.01073035300203179,-0.01073035300203179,0.6626589332801927,0.6401954556124695
2023-01-04,-0.006712593419067825,-0.006712593419067825,0.6582107732855695,0.6358980838102081
2023-01-05,-0.031226689678941988,-0.031226689678941988,0.6376570297248446,0.616041091679633
2023-01-06,0.026712804466424767,0.026712804466424767,0.6546906372765257,0.6324972769049539
2023-01-09,0.030744711852295548,0.030744711852295548,0.6748189122719882,0.6519432234307584
2023-01-10,0.012798805732681773,0.012798805732681773,0.683455788434897,0.660287318096187
2023-01-11,0.005782812386545766,0.003782812386545766,0.6874080850339147,0.6627850611417604
2023-01-12,0.0,-0.002,0.6874080850339147,0.6614594910194769
2023-01-13,0.0,0.0,0.6874080850339147,0.6614594910194769
2023-01-17,0.0,0.0,0.6874080850339147,0.6614594910194769
2023-01-18,0.0,0.0,0.6874080850339147,0.6614594910194769
2023-01-19,0.0,0.0,0.6874080850339147,0.6614594910194769
2023-01-20,0.0,0.0,0.6874080850339147,0.6614594910194769
2023-01-23,0.0,0.0,0.6874080850339147,0.6614594910194769
2023-01-24,0.0,0.0,0.6874080850339147,0.6614594910194769
2023-01-25,0.0,0.0,0.6874080850339147,0.6614594910194769
2023-01-26,0.0,0.0,0.6874080850339147,0.6614594910194769
2023-01-27,0.029434375454852058,0.027434375454852056,0.7076415126995038,0.6796062190442805
2023-01-30,-0.03780078212127058,-0.03780078212127058,0.6808921100579836,0.6539165724299272
2023-01-31,0.022614461744118075,0.022614461744118075,0.6962901186327616,0.6687045437409885
2023-02-01,0.04577649176175558,0.04577649176175558,0.728163837512146,0.6993154917785964
2023-02-02,0.05518725809581815,0.05518725809581815,0.7683492031489702,0.7379087963137858
2023-02-03,-0.056183938421703494,-0.056183938421703494,0.7251803188328835,0.6964501739408587
2023-02-06,-0.010051114850558577,-0.01138444818389191,0.7178914481609295,0.6885214730229665
2023-02-07,0.023320354669020677,0.023320354669020677,0.7346329313458992,0.7045780379710986
2023-02-08,-0.00987153128381707,-0.010871531283817069,0.727380979381996,0.6969181957894054
2023-02-09,-0.0076794212781570725,-0.0076794212781570725,0.7217951144116032,0.6915662673675255
2023-02-10,-0.013480446393477008,-0.013480446393477008,0.7120649940647039,0.6822436453727405
2023-02-13,0.023604303710732633,0.023604303710732633,0.7288727924463883,0.6983475315828361
2023-02-14,0.013702745091230095,0.013702745091230095,0.7388603505252143,0.7079168097932055
2023-02-15,0.002885772322018809,0.002885772322018809,0.740992533274597,0.7099596965291985
2023-02-16,-0.025070217404121825,-0.025070217404121825,0.7224156893705719,0.6921608525890471
2023-02-17,-0.015183494449971746,-0.015183494449971746,0.7114468947604412,0.6816514321252736
2023-02-21,-0.027198199780651355,-0.027198199780651355,0.6920968199834227,0.6631117402935632
2023-02-22,0.003972930527092022,0.003972930527092022,0.694846472567238,0.6657462371694486
2023-02-23,0.03919483171837235,0.03919483171837235,0.7220808631296155,0.6918400489024448
2023-02-24,-0.019993858060845526,-0.019993858060845526,0.7076436808437492,0.6780074971638809
2023-02-27,0.006008221820722415,0.006008221820722415,0.711895361048291,0.6820811166029543
2023-02-28,-0.00337991466284418,-0.00337991466284418,0.7094892154790732,0.6797757406356989
2023-03-01,-0.017762353485119037,-0.017762353485119037,0.6968870172398541,0.6677013236399191
2023-03-02,0.012621903818596403,0.012621903818596403,0.7056830581438841,0.6761289855264516
2023-03-03,0.02662713833269892,0.02662713833269892,0.7244733785521233,0.694132365554812
2023-03-06,-0.00036351625871081095,-0.00036351625871081095,0.7242100207000165,0.6938800371542354
2023-03-07,-0.009586027785256412,-0.009586027785256412,0.7172677233192251,0.6872284838384402
2023-03-08,0.012226876978825518,0.012226876978825518,0.7260376675331316,0.6956311419666776
2023-03-09,-0.017236103275710263,-0.017236103275710263,0.7135236073134748,0.6836411717619397
2023-03-10,-0.01630895961656184,-0.01630895961656184,0.7018867796163357,0.6724916954994552
2023-03-13,0.011583435581784466,0.010583435581784467,0.7100170399137278,0.6796089680380587
2023-03-14,0.029637143389283097,0.029637143389283097,0.7310599167344852,0.6997506364724453
2023-03-15,0.009102969670838457,0.009102969670838457,0.737714732984085,0.7061204452934039
2023-03-16,0.03780802655060903,0.03780802655060903,0.7656062711955227,0.7328174658369848
2023-03-17,0.004481539153988486,0.004481539153988486,0.7690373656764246,0.73610161600286
2023-03-20,-0.0011601910244525273,-0.0011601910244525273,0.7681451354272981,0.7352475975148884
2023-03-21,0.009727474882495516,0.009727474882495516,0.7756172479382784,0.7423997000521297
2023-03-22,-0.0014259233827249584,-0.0014259233827249584,0.7745112771683984,0.7413410949604974
2023-03-23,0.018002248705828967,0.018002248705828967,0.7884542218054531,0.7546869017278278
2023-03-24,0.0012112500490086458,0.0012112500490086458,0.7894092370202561,0.7556010162745319
2023-03-27,-0.012162549444171203,-0.012162549444171203,0.7798080081433119,0.746410981554027
2023-03-28,-0.004234127512520169,-0.004234127512520169,0.7765062016015487,0.7432505822813819
2023-03-29,0.0202362860334521,0.0202362860334521,0.7922198032039072,0.7582912136589578
2023-03-30,0.012432173731678448,0.012432173731678448,0.8020688174310142,0.7677184217663712
2023-03-31,0.014998153660990813,0.014998153660990813,0.8140983688015339,0.7792327806243966
2023-04-03,0.0035861700816562183,0.0035861700816562183,0.817017864015255,0.7820272419089176
2023-04-04,-0.007244104970215844,-0.007244104970215844,0.811099300845787,0.776362154478961
2023-04-05,-0.014004956224268597,-0.014004956224268597,0.7997398906439069,0.7654892364913043
2023-04-06,0.011581829313445036,0.010581829313445036,0.809002341552498,0.7735895129331346
2023-04-10,-0.000606677042254089,-0.000606677042254089,0.8085115384047482,0.7731201939355095
2023-04-11,-0.0167870436154523,-0.0167870436154523,0.7949390199459513,0.7601417915199271
2023-04-12,-0.011935928596584655,-0.011935928596584655,0.7854506845652375,0.7510687933730653
2023-04-13,0.02550215803125444,0.02550215803125444,0.8054813720487771,0.7702226684340088
2023-04-14,-0.0006644253413299328,-0.0006644253413299328,0.8049461898132187,0.7697109129746345
2023-04-17,0.0051949155540763625,0.0051949155540763625,0.809127817294874,0.7737094961685888
2023-04-18,0.006590222546362323,0.006590222546362323,0.8144601496792997,0.7788084139345736
2023-04-19,0.009084524706976516,0.009084524706976516,0.8218591330319092,0.7858835182129634
2023-04-20,-0.0120662974604758,-0.0120662974604758,0.8119423362621374,0.7764008139129205
2023-04-21,0.0049732530138983655,0.0049732530138983655,0.8159803309330648,0.780262051600706
2023-04-24,-0.005483828690332759,-0.005483828690332759,0.8115056345835469,0.7759832281761603
2023-04-25,-0.02396603573059411,-0.02396603573059411,0.7920570615495391,0.7573859864033486
2023-04-26,0.03077925067917542,0.03077925067917542,0.8164359843991835,0.780697759539752
2023-04-27,0.029135838915851364,0.029135838915851364,0.8402235317257427,0.8034440437036683
2023-04-28,-0.0012674481790470038,-0.0012674481790470038,0.8391585919404645,0.8024257200135099
2023-05-01,0.0008832935111042217,0.0008832935111042217,0.839899815279513,0.803134497445141
2023-05-02,-0.0038531853049252607,-0.0038531853049252607,0.8366635256536685,0.8000398714017068
2023-05-03,-0.006011117757659723,-0.006011117757659723,0.8316342426774256,0.7952307375238883
2023-05-04,-0.0029628081284843732,-0.0029628081284843732,0.829170269983295,0.7928746214307318
2023-05-05,0.03015224378306086,0.03015224378306086,0.8541716141014977,0.8167815703055133
2023-05-08,0.0027975020745319157,0.0027975020745319157,0.8565611609639529,0.8190665184428825
2023-05-09,-0.006937155563049774,-0.006937155563049774,0.8506190629410794,0.8133845265879587
2023-05-10,0.018047775674597366,0.018047775674597366,0.8659708449735761,0.8280643080610067
2023-05-11,0.0003703425206332267,0.0003703425206332267,0.8662915507990985,0.8283709754841004
2023-05-12,-0.008634214127740653,-0.008634214127740653,0.8588118040524465,0.8212186431045653
2023-05-15,0.00721101277143274,0.00721101277143274,0.8650047069397259,0.8271404612281309
2023-05-16,0.009033034835872922,0.009033034835872922,0.8728183245907064,0.8346120498285646
2023-05-17,0.016151630092519464,0.016151630092519464,0.8869157633074681,0.848092394928155
2023-05-18,0.025177446075931753,0.025177446075931753,0.9092460371120358,0.8694451954688664
2023-05-19,-0.007271771263844623,-0.007271771263844623,0.9026342079075999,0.8631227888809682
2023-05-22,-0.002510217920199731,-0.002510217920199731,0.900368399343525,0.8609561625889864
2023-05-23,-0.01235350829378093,-0.01235350829378093,0.8892456908547764,0.8503203334938616
2023-05-24,0.0018943366467777945,0.0018943366467777945,0.8909302215549519,0.8519311264630994
2023-05-25,0.06846434722458714,0.06846434722458714,0.9519271775963686,0.9102580349167028
2023-05-26,0.02633984606916978,0.02633984606916978,0.9770007929233161,0.9342340914396337
2023-05-30,0.012107845617344154,0.012107845617344154,0.9888301676920546,0.9455456535892446
2023-05-31,-0.018610327079117167,-0.018610327079117167,0.9704277148456072,0.9279487397077112
2023-06-01,0.024528719637850582,0.024528719637850582,0.994231064191855,0.9507101341822983
2023-06-02,0.003542663714795613,0.003542663714795613,0.99775329050709,0.9540781804779543
2023-06-05,-0.0003692897061478573,-0.0003692897061478573,0.9973848304876307,0.9537258492270436
2023-06-06,-0.002882775606943694,-0.002882775606943694,0.9945095938275653,0.9509764716131802
2023-06-07,-0.027879564119965478,-0.027879564119965478,0.9667830998385288,0.924463662096262
2023-06-08,0.018452140893049085,0.018452140893049085,0.9846223178097682,0.9415219958397664
2023-06-09,0.0017539067179540846,0.0017539067179540846,0.9863492535076224,0.9431733375933713
2023-06-12,0.018731789404206445,0.018731789404206445,1.0048253400033234,0.9608406619248329
2023-06-13,0.011114256191879973,0.011114256191879973,1.0159932262602132,0.971519691201041
2023-06-14,0.014716342035580532,0.014716342035580532,1.0309449300836913,0.985816907271057
2023-06-15,0.010138163997849142,0.010138163997849142,1.0413968188576308,0.9958112807488233
2023-06-16,-0.008566599535381025,-0.008566599535381025,1.0324755893530577,0.9872805642938333
2023-06-20,0.0041089262976512775,0.0041089262976512775,1.0367179554538335,0.9913372273676202
2023-06-21,-0.010981719445124327,-0.010981719445124327,1.0253330097233166,0.9804506400611617
2023-06-22,0.01927906381005673,0.01927906381005673,1.04510047024433,0.9993528105135119
2023-06-23,-0.010195845845374196,-0.010195845845374196,1.0344447869567908,0.9891635633123748
2023-06-26,-0.01988553241469479,-0.01988553241469479,1.0138743016145495,0.9694935192106915
2023-06-27,0.019593159029558327,0.019593159029558327,1.0337393020420658,0.9884889599107127
2023-06-28,-0.002263827810950997,-0.002263827810950997,1.0313990942608298,0.9862511911124489
2023-06-29,-0.00414867843097802,-0.00414867843097802,1.0271201510847396,0.9821595520683543
2023-06-30,0.023744324677245243,0.023744324677245243,1.051508425434637,1.0054802673575232
2023-07-03,-0.003430703319894368,-0.003430703319894368,1.0479010119886014,1.0020307628662115
2023-07-05,-0.0016081393949801959,-0.0016081393949801959,1.0462158410891829,1.0004193577214644
2023-07-06,-0.002203716292591973,-0.002203716292591973,1.0439102781946068,0.9982147172834293
2023-07-07,0.0007010255987649205,0.0007010255987649205,1.044642086022435,0.9989144913533089
2023-07-10,-0.013714513488709612,-0.013714513488709612,1.0303153280428066,0.9852148650875765
2023-07-11,0.004357926445320709,0.004357926445320709,1.0348053664579036,0.9895083590024646
2023-07-12,0.01855017244109386,0.01855017244109386,1.054001184448667,1.0078639096938642
2023-07-13,0.02356800689931915,0.02356800689931915,1.0788418916356437,1.0316172532711039
2023-07-14,2.4365262664777232e-05,2.4365262664777232e-05,1.0788681779017073,1.0316423888964494
2023-07-17,0.008056485371961936,0.008056485371961936,1.0875600635952478,1.0399538007116895
2023-07-18,0.01380681830686159,0.01380681830686159,1.1025758077911063,1.054312253885646
2023-07-19,0.001267862442156903,0.001267862442156903,1.1039737222474355,1.0556489767946533
2023-07-20,-0.026546541584280547,-0.026546541584280547,1.074667037921841,1.027625147333771
2023-07-21,-0.010348694966661715,-0.010348694966661715,1.0635456365556621,1.016990568143943
2023-07-24,0.001431399371918246,0.001431399371918246,1.0650679951118343,1.018446287804431
2023-07-25,0.012000598620544478,0.012000598620544478,1.0778494486247594,1.0306682529209554
2023-07-26,-0.011412835484466116,-0.011412835484466116,1.0655481301905825,1.0189054057113065
2023-07-27,-0.004203992558896391,-0.004203992558896391,1.0610685737801153,1.014621934967477
2023-07-28,0.02150870626284912,0.02150870626284912,1.083890786058292,1.036445140134536
2023-07-31,0.0016486558188809342,0.0016486558188809342,1.0856777489097584,1.0381538814457696
2023-08-01,-0.00566558411178078,-0.00566558411178078,1.0795267503050214,1.0322721333094669
2023-08-02,-0.029080150488874468,-0.029080150488874468,1.0481339499493858,1.0022535043273562
2023-08-03,0.0002825993373516966,0.0002825993373516966,1.0484301519090973,1.0025367405035375
2023-08-04,0.01045213650541843,0.01045213650541843,1.0593884869732477,1.0130153913669777
2023-08-07,0.00633416865100303,0.00633416865100303,1.0660988323166671,1.019432001701958
2023-08-08,-0.009899651322885422,-0.009899651322885422,1.055544825600997,1.0093399803377174
2023-08-09,-0.02071166974542349,-0.02071166974542349,1.0336827297716584,0.9884348640041104
2023-08-10,0.0005467898058396647,0.0005467898058396647,1.0342479369507702,0.9889753301114845
2023-08-11,-0.01071412501800989,-0.01071412501800989,1.023166875254661,0.9783793247849425
2023-08-14,0.026342929675897186,0.026342929675897186,1.050120088296202,1.0041527025341042
2023-08-15,-0.009185605748442996,-0.010185605748442995,1.040474099176593,0.9939247989948583
2023-08-16,-0.01139230465149125,-0.01139230465149125,1.0286207012567874,0.9826017048840368
2023-08-17,-0.005667680568107347,-0.007001013901440681,1.0227908076963215,0.9757224966885643
2023-08-18,-0.0033553150638599427,-0.0033553150638599427,1.0193590222920805,0.9724486402972782
2023-08-21,0.04783625300262062,0.04783625300262062,1.0681213383829484,1.0189669394865932
2023-08-22,-0.015425244933667204,-0.015425244933667204,1.0516453051195152,1.0032491248657034
2023-08-23,0.020583673871526265,0.020583673871526265,1.0732920291086172,1.0238996776638332
2023-08-24,-0.013078678594363569,-0.013078678594363569,1.0592547876220133,1.0105084228667955
2023-08-25,-0.006753426088154713,-0.006753426088154713,1.052101188705284,1.0036840289215068
2023-08-28,0.008426757664534545,0.008426757664534545,1.0609669904610721,1.0121418310049919
2023-08-29,0.027454175922617785,0.027454175922617785,1.090094964865281,1.0399293508920435
2023-08-30,0.005512614535060911,0.005512614535060911,1.096104238213194,1.0456620805472077
2023-08-31,0.011806852312347904,0.011806852312347904,1.1090457790727157,1.0580080583008509
2023-09-01,-0.008172051201473463,-0.008172051201473463,1.0999826001813555,1.0493619622768449
2023-09-05,-0.0026750389866792013,-0.0026750389866792013,1.0970401038412017,1.046554878116616
2023-09-06,-0.022231950687286506,-0.022231950687286506,1.0726507623506283,1.0232879216747883
2023-09-07,0.0004857339044510578,0.0004857339044510578,1.0731717851935372,1.0237849673123611
2023-09-08,-0.005855658289528609,-0.005855658289528609,1.0668876579334805,1.0177900323818236
2023-09-11,0.01329279993034077,0.01329279993034077,1.08106958211854,1.0313193116533703
2023-09-12,-0.00994266995308829,-0.00994266995308829,1.0703208640672124,1.0210652441213548
2023-09-13,0.01966918893844538,0.01966918893844538,1.0913732073673104,1.0411487693264574
2023-09-14,0.0006065678898540261,0.0006065678898540261,1.0920351993107464,1.041780296738492
2023-09-15,-0.033399704636507155,-0.033399704636507155,1.0555615462010983,1.0069851425312937
2023-09-18,-0.0007084971122383044,-0.0007084971122383044,1.0548136838938251,1.0062716964657434
2023-09-19,-0.013466145347841796,-0.013466145347841796,1.0406094095116185,0.9927210955417165
2023-09-20,-0.023218431011493734,-0.023218431011493734,1.0164480917269616,0.9696716692712266
2023-09-21,-0.03649202470282309,-0.03649202470282309,0.9793558428545239,0.9342863867625533
2023-09-22,0.006416771146613043,0.006416771146613043,0.9856401451692197,0.9402814886918045
2023-09-25,0.01567962461854322,0.01567962461854322,1.0010946126544393,0.9550247494702568
2023-09-26,-0.023832190603649994,-0.023832190603649994,0.9772363350333715,0.9322644176096785
2023-09-27,0.006644933742391501,0.006644933742391501,0.9837300057303258,0.938459252895084
2023-09-28,0.0,-0.002,0.9837300057303258,0.9365823343892938
2023-09-29,0.009049050319664964,0.009049050319664964,0.9926318280531438,0.9450575150616919
2023-10-02,0.01840783446134764,0.01840783446134764,1.010904030425011,0.9624539773554001
2023-10-03,-0.03661366636292884,-0.03661366636292884,0.9738911275300896,0.9272150085388355
2023-10-04,0.0,-0.002,0.9738911275300896,0.9253605785217579
2023-10-05,0.0,0.0,0.9738911275300896,0.9253605785217579
2023-10-06,0.0,0.0,0.9738911275300896,0.9253605785217579
2023-10-09,0.0,0.0,0.9738911275300896,0.9253605785217579
2023-10-10,0.0,0.0,0.9738911275300896,0.9253605785217579
2023-10-11,0.0,0.0,0.9738911275300896,0.9253605785217579
2023-10-12,0.0,0.0,0.9738911275300896,0.9253605785217579
2023-10-13,0.0,0.0,0.9738911275300896,0.9253605785217579
2023-10-16,0.0,0.0,0.9738911275300896,0.9253605785217579
2023-10-17,0.0,0.0,0.9738911275300896,0.9253605785217579
2023-10-18,0.0,0.0,0.9738911275300896,0.9253605785217579
2023-10-19,0.0,0.0,0.9738911275300896,0.9253605785217579
2023-10-20,0.0,0.0,0.9738911275300896,0.9253605785217579
2023-10-23,0.0,0.0,0.9738911275300896,0.9253605785217579
2023-10-24,0.0,0.0,0.9738911275300896,0.9253605785217579
2023-10-25,0.0,0.0,0.9738911275300896,0.9253605785217579
2023-10-26,-0.037514276186827344,-0.039514276186827346,0.9373563067960251,0.8887956250496468
2023-10-27,0.005855541551975207,0.005855541551975207,0.9428450355994753,0.8940000047633389
2023-10-30,0.022740575541386754,0.022740575541386754,0.9642858743553466,0.9143300794056597
2023-10-31,0.0023715880122714417,0.0023715880122714417,0.9665727631753704,0.9164984936612374
2023-11-01,0.023542560259868228,0.023542560259868228,0.9893283606979739,0.9380752146763355
2023-11-02,0.006501517877736118,0.006501517877736118,0.9957604967220032,0.9441741274552148
2023-11-03,0.01286170934226516,0.01286170934226516,1.0085676788053513,0.9563178206510305
2023-11-06,0.010572701440588306,0.010572701440588306,1.0192309637559873,0.966428683451088
2023-11-07,0.011219221214641584,0.011219221214641584,1.0306659414071782,0.9772712606389006
2023-11-08,0.00740595983178971,0.00740595983178971,1.0382990119692335,0.9845088923399548
2023-11-09,-0.006911127922284321,-0.006911127922284321,1.0311231946759327,0.9777048254443669
2023-11-10,0.02489685135539066,0.02489685135539066,1.0567949155828749,1.0020465971529033
2023-11-13,-0.008088376300720013,-0.008088376300720013,1.0482471606329529,0.9939416672042747
2023-11-14,0.01615131837145012,0.014151318371450118,1.0651777342563042,1.0080072521795322
2023-11-15,-0.004795243761013293,-0.006128577094346627,1.0600699473717414,1.0018296020228894
2023-11-16,0.009037704676126607,0.008037704676126608,1.0696505464921242,1.009882012499751
2023-11-17,-0.0010328045968535926,-0.0010328045968535926,1.06854580649068,1.0088390017149613
2023-11-20,0.01471998856351181,0.01471998856351181,1.0842747885418114,1.0236891002826303
2023-11-21,-0.010073479699083177,-0.010073479699083177,1.0733523684712079,1.0133769889127606
2023-11-22,0.002816744392891951,0.002816744392891951,1.0763757277366963,1.0162314128641663
2023-11-24,-0.006801650626687666,-0.006801650626687666,1.0690545960935847,1.009319361837999
2023-11-27,0.004669845249737403,0.004669845249737403,1.074046915620862,1.0140327270653462
2023-11-28,0.0001378121664569465,0.0001378121664569465,1.0741949323531803,1.0141724731123214
2023-11-29,-0.003406926403880267,-0.003406926403880267,1.070535229275232,1.0107172621355864
2023-11-30,-0.006702338399615454,-0.006702338399615454,1.0633601398999195,1.003943093018421
2023-12-01,0.0003765688272791834,0.0003765688272791834,1.0637605681807771,1.004321146691614
2023-12-04,-0.01638365965321434,-0.01638365965321434,1.0463322770791934,0.9878666908416927
2023-12-05,0.016899469311595083,0.016899469311595083,1.0640147372854247,1.004561113667519
2023-12-06,-0.013642148369443441,-0.013642148369443441,1.0494992903721025,0.9908567419086933
2023-12-07,0.014079916541773707,0.014079916541773707,1.0642761527911926,1.0048079221396216
2023-12-08,0.009865154868970882,0.009865154868970882,1.0747754018618303,1.0147205079050978
2023-12-11,-0.0124096236385281,-0.0124096236385281,1.0614378436287772,1.0021282083036995
2023-12-12,0.012301060544334386,0.012301060544334386,1.0744946548073024,1.0144554480672285
2023-12-13,0.008732560164360748,0.008732560164360748,1.0838777440266913,1.0233142413015393
2023-12-14,-0.006469796856097693,-0.006469796856097693,1.076865275205993,1.0166936060403666
2023-12-15,0.009714430565164689,0.009714430565164689,1.0873264081500187,1.0265702054822927
2023-12-18,0.012073402289509705,0.012073402289509705,1.1004541372956216,1.038964400551505
2023-12-19,-0.0010665320485718777,-0.0010665320485718777,1.0992804676902124,1.0378563117209916
2023-12-20,-0.014685987841804138,-0.014685987841804138,1.0831364481069812,1.0226143665455174
2023-12-21,0.009171505487146625,0.009171505487146625,1.093070439984123,1.0319932798195246
2023-12-22,-0.0021898682004000414,-0.0021898682004000414,1.0906767597868043,1.0297333505530213
2023-12-26,0.0016256596528622935,0.0016256596528622935,1.0924498289895044,1.0314073465142222
2023-12-27,0.00032183427945639553,0.00032183427945639553,1.0928014167930595,1.0317392887544137
2023-12-28,0.001961680201559679,0.001961680201559679,1.0949451436966189,1.0337632312903344
2023-12-29,-0.003196889369775441,-0.003196889369775441,1.0914447252062478,1.0304584046053575
